PoolName,LibraryName,Sequencer,Sent_To,#Samples,NMFS_DNA_ID,BOX_ID,BOX_POSITION,SAMPLE_ID,BATCH_ID,PROJECT_NAME,GENUS,SPECIES,LENGTH,WEIGHT,SEX,AGE,REPORTED_LIFE_STAGE,PHENOTYPE,HATCHERY_MARK,TAG_NUMBER,COLLECTION_DATE,ESTIMATED_DATE,PICKER,PICK_DATE,LEFTOVER_SAMPLE ,SAMPLE_COMMENTS,NMFS_DNA_ID,SPECIES_CODE,COMMON_NAME,LANDFALL_PORT,CRUISE,HAUL,SITE,STATE_M,COUNTY_M,LATITUDE_M,LONGITUDE_M,LOCATION_COMMENTS_M,,REGION,YEAR
squid_5,SQ86,NovaSeq6000,UCB,18,SQ000038,SQ001,5F,2207RL_73_1,5662,CCGP,Doryteuthis,opalescens,,,,,,,,,9/24/22,,LC,6/15/23,,frozen sample,SQ000038,,market squid,,2207RL,73,,California,,32.9618,-118.7458,,,Southern CA,2022
squid_1,SQ10,NovaSeq6000,UCB,18,SQ000039,SQ001,5G,2207RL_73_2,5662,CCGP,Doryteuthis,opalescens,,,,,,,,,9/24/22,,LC,6/15/23,,frozen sample,SQ000039,,market squid,,2207RL,73,,California,,32.9618,-118.7458,,,Southern CA,2022
squid_1,SQ11,NovaSeq6000,UCB,18,SQ000040,SQ001,5H,2207RL_73_3,5662,CCGP,Doryteuthis,opalescens,,,,,,,,,9/24/22,,LC,6/15/23,,frozen sample,SQ000040,,market squid,,2207RL,73,,California,,32.9618,-118.7458,,,Southern CA,2022
squid_1,SQ12,NovaSeq6000,UCB,18,SQ000041,SQ001,6A,2207RL_73_4,5662,CCGP,Doryteuthis,opalescens,,,,,,,,,9/24/22,,LC,6/15/23,,frozen sample,SQ000041,,market squid,,2207RL,73,,California,,32.9618,-118.7458,,,Southern CA,2022
squid_1,SQ9,NovaSeq6000,UCB,18,SQ000042,SQ001,6B,2207RL_73_5,5662,CCGP,Doryteuthis,opalescens,,,,,,,,,9/24/22,,LC,6/15/23,,frozen sample,SQ000042,,market squid,,2207RL,73,,California,,32.9618,-118.7458,,,Southern CA,2022
squid_8,SQ230,NovaSeqX25B,UCB,64,SQ000224,SQ003,4H,2207RL_73_6,5662,CCGP,Doryteuthis,opalescens,,,,,,,,,9/24/22,,LC,8/9/23,,frozen sample,SQ000224,,market squid,,2207RL,73,,California,,32.9618,-118.7458,,,Southern CA,2022
squid_8,SQ231,NovaSeqX25B,UCB,64,SQ000225,SQ003,5A,2207RL_73_7,5662,CCGP,Doryteuthis,opalescens,,,,,,,,,9/24/22,,LC,8/9/23,,frozen sample,SQ000225,,market squid,,2207RL,73,,California,,32.9618,-118.7458,,,Southern CA,2022
,,,,,SQ000226,SQ003,5B,2207RL_73_8,5662,CCGP,Doryteuthis,opalescens,,,,,,,,,9/24/22,,LC,8/9/23,,frozen sample,SQ000226,,market squid,,2207RL,73,,California,,32.9618,-118.7458,,,Southern CA,2022
squid_8,SQ233,NovaSeqX25B,UCB,64,SQ000227,SQ003,5C,2207RL_73_9,5662,CCGP,Doryteuthis,opalescens,,,,,,,,,9/24/22,,LC,8/9/23,,frozen sample,SQ000227,,market squid,,2207RL,73,,California,,32.9618,-118.7458,,,Southern CA,2022
squid_8,SQ234,NovaSeqX25B,UCB,64,SQ000228,SQ003,5D,2207RL_73_10,5662,CCGP,Doryteuthis,opalescens,,,,,,,,,9/24/22,,LC,8/9/23,,frozen sample,SQ000228,,market squid,,2207RL,73,,California,,32.9618,-118.7458,,,Southern CA,2022
squid_8,SQ235,NovaSeqX25B,UCB,64,SQ000229,SQ003,5E,2207RL_73_11,5662,CCGP,Doryteuthis,opalescens,,,,,,,,,9/24/22,,LC,8/9/23,,frozen sample,SQ000229,,market squid,,2207RL,73,,California,,32.9618,-118.7458,,,Southern CA,2022
squid_8,SQ236,NovaSeqX25B,UCB,64,SQ000230,SQ003,5F,2207RL_73_12,5662,CCGP,Doryteuthis,opalescens,,,,,,,,,9/24/22,,LC,8/9/23,,frozen sample,SQ000230,,market squid,,2207RL,73,,California,,32.9618,-118.7458,,,Southern CA,2022
squid_3,SQ54,NovaSeq6000,UCB,18,SQ000067,SQ001,9C,2103RL_5_1,5662,CCGP,Doryteuthis,opalescens,,,,,,,,,3/22/21,,LC,6/15/23,,frozen sample,SQ000067,,market squid,,2103RL,5,,California,,33.1048,-117.9197,,,Southern CA,2021
squid_3,SQ55,NovaSeq6000,UCB,18,SQ000068,SQ001,9D,2103RL_5_2,5662,CCGP,Doryteuthis,opalescens,,,,,,,,,3/22/21,,LC,6/15/23,,frozen sample,SQ000068,,market squid,,2103RL,5,,California,,33.1048,-117.9197,,,Southern CA,2021
squid_4,SQ56,NovaSeq6000,UCB,18,SQ000069,SQ001,9E,2103RL_5_3,5662,CCGP,Doryteuthis,opalescens,,,,,,,,,3/22/21,,LC,6/15/23,,frozen sample,SQ000069,,market squid,,2103RL,5,,California,,33.1048,-117.9197,,,Southern CA,2021
squid_4,SQ57,NovaSeq6000,UCB,18,SQ000070,SQ001,9F,2103RL_5_4,5662,CCGP,Doryteuthis,opalescens,,,,,,,,,3/22/21,,LC,6/15/23,,frozen sample,SQ000070,,market squid,,2103RL,5,,California,,33.1048,-117.9197,,,Southern CA,2021
squid_4,SQ64,NovaSeq6000,UCB,18,SQ000079,SQ001,10G,2104RL_5_1,5662,CCGP,Doryteuthis,opalescens,,,,,,,,,3/22/21,,LC,6/15/23,,frozen sample,SQ000079,,market squid,,2104RL,5,,California,,33.1048,-117.9197,,,Southern CA,2021
squid_4,SQ65,NovaSeq6000,UCB,18,SQ000080,SQ001,10H,2104RL_5_2,5662,CCGP,Doryteuthis,opalescens,,,,,,,,,3/22/21,,LC,6/15/23,,frozen sample,SQ000080,,market squid,,2104RL,5,,California,,33.1048,-117.9197,,,Southern CA,2021
squid_6,SQ105,NovaSeq6000,UCB,18,SQ000081,SQ001,11A,2104RL_5_3,5662,CCGP,Doryteuthis,opalescens,,,,,,,,,3/22/21,,LC,6/15/23,,frozen sample,SQ000081,,market squid,,2104RL,5,,California,,33.1048,-117.9197,,,Southern CA,2021
squid_4,SQ66,NovaSeq6000,UCB,18,SQ000082,SQ001,11B,2104RL_5_4,5662,CCGP,Doryteuthis,opalescens,,,,,,,,,3/22/21,,LC,6/15/23,,frozen sample,SQ000082,,market squid,,2104RL,5,,California,,33.1048,-117.9197,,,Southern CA,2021
squid_7,SQ154,NovaSeqX25B,UCB,64,SQ000158,SQ002,8F,2103_5_5,5662,CCGP,Doryteuthis,opalescens,,,,,,,,,3/22/21,,LC,6/16/23,,frozen sample,SQ000158,,market squid,,2103RL,5,,California,,33.1048,-117.9197,,,Southern CA,2021
squid_7,SQ155,NovaSeqX25B,UCB,64,SQ000159,SQ002,8G,2103_5_6,5662,CCGP,Doryteuthis,opalescens,,,,,,,,,3/22/21,,LC,6/16/23,,frozen sample,SQ000159,,market squid,,2103RL,5,,California,,33.1048,-117.9197,,,Southern CA,2021
squid_7,SQ156,NovaSeqX25B,UCB,64,SQ000160,SQ002,8H,2103_5_7,5662,CCGP,Doryteuthis,opalescens,,,,,,,,,3/22/21,,LC,6/16/23,,frozen sample,SQ000160,,market squid,,2103RL,5,,California,,33.1048,-117.9197,,,Southern CA,2021
squid_7,SQ157,NovaSeqX25B,UCB,64,SQ000161,SQ002,9A,2103_5_8,5662,CCGP,Doryteuthis,opalescens,,,,,,,,,3/22/21,,LC,6/16/23,,frozen sample,SQ000161,,market squid,,2103RL,5,,California,,33.1048,-117.9197,,,Southern CA,2021
squid_7,SQ158,NovaSeqX25B,UCB,64,SQ000162,SQ002,9B,2103_5_9,5662,CCGP,Doryteuthis,opalescens,,,,,,,,,3/22/21,,LC,6/16/23,,frozen sample,SQ000162,,market squid,,2103RL,5,,California,,33.1048,-117.9197,,,Southern CA,2021
squid_7,SQ159,NovaSeqX25B,UCB,64,SQ000163,SQ002,9C,2103_5_10,5662,CCGP,Doryteuthis,opalescens,,,,,,,,,3/22/21,,LC,6/16/23,,frozen sample,SQ000163,,market squid,,2103RL,5,,California,,33.1048,-117.9197,,,Southern CA,2021
squid_7,SQ160,NovaSeqX25B,UCB,64,SQ000164,SQ002,9D,2103_5_11,5662,CCGP,Doryteuthis,opalescens,,,,,,,,,3/22/21,,LC,6/16/23,,frozen sample,SQ000164,,market squid,,2103RL,5,,California,,33.1048,-117.9197,,,Southern CA,2021
squid_7,SQ161,NovaSeqX25B,UCB,64,SQ000165,SQ002,9E,2103_5_12,5662,CCGP,Doryteuthis,opalescens,,,,,,,,,3/22/21,,LC,6/16/23,,frozen sample,SQ000165,,market squid,,2103RL,5,,California,,33.1048,-117.9197,,,Southern CA,2021
,,,,,SQ000247,SQ003,7G,2104RL_5_5,5662,CCGP,Doryteuthis,opalescens,,,,,,,,,3/22/21,,LC,8/9/23,,frozen sample,SQ000247,,market squid,,2104RL,5,,California,,33.1048,-117.9197,,,Southern CA,2021
,,,,,SQ000248,SQ003,7H,2104RL_5_6,5662,CCGP,Doryteuthis,opalescens,,,,,,,,,3/22/21,,LC,8/9/23,,frozen sample,SQ000248,,market squid,,2104RL,5,,California,,33.1048,-117.9197,,,Southern CA,2021
,,,,,SQ000249,SQ003,8A,2104RL_5_7,5662,CCGP,Doryteuthis,opalescens,,,,,,,,,3/22/21,,LC,8/9/23,,frozen sample,SQ000249,,market squid,,2104RL,5,,California,,33.1048,-117.9197,,,Southern CA,2021
,,,,,SQ000250,SQ003,8B,2104RL_5_8,5662,CCGP,Doryteuthis,opalescens,,,,,,,,,3/22/21,,LC,8/9/23,,frozen sample,SQ000250,,market squid,,2104RL,5,,California,,33.1048,-117.9197,,,Southern CA,2021
,,,,,SQ000251,SQ003,8C,2104RL_5_9,5662,CCGP,Doryteuthis,opalescens,,,,,,,,,3/22/21,,LC,8/9/23,,frozen sample,SQ000251,,market squid,,2104RL,5,,California,,33.1048,-117.9197,,,Southern CA,2021
,,,,,SQ000252,SQ003,8D,2104RL_5_10,5662,CCGP,Doryteuthis,opalescens,,,,,,,,,3/22/21,,LC,8/9/23,,frozen sample,SQ000252,,market squid,,2104RL,5,,California,,33.1048,-117.9197,,,Southern CA,2021
,,,,,SQ000253,SQ003,8E,2104RL_5_11,5662,CCGP,Doryteuthis,opalescens,,,,,,,,,3/22/21,,LC,8/9/23,,frozen sample,SQ000253,,market squid,,2104RL,5,,California,,33.1048,-117.9197,,,Southern CA,2021
,,,,,SQ000254,SQ003,8F,2104RL_5_12,5662,CCGP,Doryteuthis,opalescens,,,,,,,,,3/22/21,,LC,8/9/23,,frozen sample,SQ000254,,market squid,,2104RL,5,,California,,33.1048,-117.9197,,,Southern CA,2021
squid_1,SQ5,NovaSeq6000,UCB,18,SQ000005,SQ001,1E,2207RL_67_1,5662,CCGP,Doryteuthis,opalescens,,,,,,,,,9/22/22,,LC,6/15/23,,frozen sample,SQ000005,,market squid,,2207RL,67,,California,,33.2438,-118.8983,,,Southern CA,2022
squid_1,SQ6,NovaSeq6000,UCB,18,SQ000006,SQ001,1F,2207RL_67_2,5662,CCGP,Doryteuthis,opalescens,,,,,,,,,9/22/22,,LC,6/15/23,,frozen sample,SQ000006,,market squid,,2207RL,67,,California,,33.2438,-118.8983,,,Southern CA,2022
squid_5,SQ83,NovaSeq6000,UCB,18,SQ000007,SQ001,1G,2207RL_67_3,5662,CCGP,Doryteuthis,opalescens,,,,,,,,,9/22/22,,LC,6/15/23,,frozen sample,SQ000007,,market squid,,2207RL,67,,California,,33.2438,-118.8983,,,Southern CA,2022
squid_5,SQ84,NovaSeq6000,UCB,18,SQ000008,SQ001,1H,2207RL_67_4,5662,CCGP,Doryteuthis,opalescens,,,,,,,,,9/22/22,,LC,6/15/23,,frozen sample,SQ000008,,market squid,,2207RL,67,,California,,33.2438,-118.8983,,,Southern CA,2022
squid_1,SQ3,NovaSeq6000,UCB,18,SQ000009,SQ001,2A,2207RL_67_5,5662,CCGP,Doryteuthis,opalescens,,,,,,,,,9/22/22,,LC,6/15/23,,frozen sample,SQ000009,,market squid,,2207RL,67,,California,,33.2438,-118.8983,,,Southern CA,2022
squid_1,SQ4,NovaSeq6000,UCB,18,SQ000010,SQ001,2B,2207RL_36_1,5662,CCGP,Doryteuthis,opalescens,,,,,,,,,8/29/22,,LC,6/15/23,,frozen sample,SQ000010,,market squid,,2207RL,36,,California,,33.2597,-118.8295,,,Southern CA,2022
squid_1,SQ7,NovaSeq6000,UCB,18,SQ000011,SQ001,2C,2207RL_36_2,5662,CCGP,Doryteuthis,opalescens,,,,,,,,,8/29/22,,LC,6/15/23,,frozen sample,SQ000011,,market squid,,2207RL,36,,California,,33.2597,-118.8295,,,Southern CA,2022
squid_1,SQ8,NovaSeq6000,UCB,18,SQ000012,SQ001,2D,2207RL_36_3,5662,CCGP,Doryteuthis,opalescens,,,,,,,,,8/29/22,,LC,6/15/23,,frozen sample,SQ000012,,market squid,,2207RL,36,,California,,33.2597,-118.8295,,,Southern CA,2022
squid_2,SQ29,NovaSeq6000,UCB,18,SQ000030,SQ001,4F,2207RL_39_1,5662,CCGP,Doryteuthis,opalescens,,,,,,,,,8/30/22,,LC,6/15/23,,frozen sample,SQ000030,,market squid,,2207RL,39,,California,,33.3032,-117.5723,,,Southern CA,2022
squid_2,SQ30,NovaSeq6000,UCB,18,SQ000031,SQ001,4G,2207RL_39_2,5662,CCGP,Doryteuthis,opalescens,,,,,,,,,8/30/22,,LC,6/15/23,,frozen sample,SQ000031,,market squid,,2207RL,39,,California,,33.3032,-117.5723,,,Southern CA,2022
squid_2,SQ31,NovaSeq6000,UCB,18,SQ000032,SQ001,4H,2207RL_39_3,5662,CCGP,Doryteuthis,opalescens,,,,,,,,,8/30/22,,LC,6/15/23,,frozen sample,SQ000032,,market squid,,2207RL,39,,California,,33.3032,-117.5723,,,Southern CA,2022
squid_5,SQ85,NovaSeq6000,UCB,18,SQ000033,SQ001,5A,2207RL_39_4,5662,CCGP,Doryteuthis,opalescens,,,,,,,,,8/30/22,,LC,6/15/23,,frozen sample,SQ000033,,market squid,,2207RL,39,,California,,33.3032,-117.5723,,,Southern CA,2022
squid_7,SQ138,NovaSeqX25B,UCB,64,SQ000142,SQ002,6F,2207_39_5,5662,CCGP,Doryteuthis,opalescens,,,,,,,,,8/30/22,,LC,6/16/23,,frozen sample,SQ000142,,market squid,,2207RL,39,,California,,33.3032,-117.5723,,,Southern CA,2022
squid_7,SQ139,NovaSeqX25B,UCB,64,SQ000143,SQ002,6G,2207_39_6,5662,CCGP,Doryteuthis,opalescens,,,,,,,,,8/30/22,,LC,6/16/23,,frozen sample,SQ000143,,market squid,,2207RL,39,,California,,33.3032,-117.5723,,,Southern CA,2022
squid_7,SQ140,NovaSeqX25B,UCB,64,SQ000144,SQ002,6H,2207_39_7,5662,CCGP,Doryteuthis,opalescens,,,,,,,,,8/30/22,,LC,6/16/23,,frozen sample,SQ000144,,market squid,,2207RL,39,,California,,33.3032,-117.5723,,,Southern CA,2022
squid_7,SQ141,NovaSeqX25B,UCB,64,SQ000145,SQ002,7A,2207_39_8,5662,CCGP,Doryteuthis,opalescens,,,,,,,,,8/30/22,,LC,6/16/23,,frozen sample,SQ000145,,market squid,,2207RL,39,,California,,33.3032,-117.5723,,,Southern CA,2022
squid_7,SQ142,NovaSeqX25B,UCB,64,SQ000146,SQ002,7B,2207_39_9,5662,CCGP,Doryteuthis,opalescens,,,,,,,,,8/30/22,,LC,6/16/23,,frozen sample,SQ000146,,market squid,,2207RL,39,,California,,33.3032,-117.5723,,,Southern CA,2022
squid_7,SQ143,NovaSeqX25B,UCB,64,SQ000147,SQ002,7C,2207_39_10,5662,CCGP,Doryteuthis,opalescens,,,,,,,,,8/30/22,,LC,6/16/23,,frozen sample,SQ000147,,market squid,,2207RL,39,,California,,33.3032,-117.5723,,,Southern CA,2022
squid_7,SQ144,NovaSeqX25B,UCB,64,SQ000148,SQ002,7D,2207_39_11,5662,CCGP,Doryteuthis,opalescens,,,,,,,,,8/30/22,,LC,6/16/23,,frozen sample,SQ000148,,market squid,,2207RL,39,,California,,33.3032,-117.5723,,,Southern CA,2022
squid_7,SQ145,NovaSeqX25B,UCB,64,SQ000149,SQ002,7E,2207_39_12,5662,CCGP,Doryteuthis,opalescens,,,,,,,,,8/30/22,,LC,6/16/23,,frozen sample,SQ000149,,market squid,,2207RL,39,,California,,33.3032,-117.5723,,,Southern CA,2022
squid_3,SQ38,NovaSeq6000,UCB,18,SQ000051,SQ001,7C,2207RL_61_1,5662,CCGP,Doryteuthis,opalescens,,,,,,,,,9/20/22,,LC,6/15/23,,frozen sample,SQ000051,,market squid,,2207RL,61,,California,,33.3853,-120.6057,,,Southern CA,2022
squid_3,SQ39,NovaSeq6000,UCB,18,SQ000052,SQ001,7D,2207RL_61_2,5662,CCGP,Doryteuthis,opalescens,,,,,,,,,9/20/22,,LC,6/15/23,,frozen sample,SQ000052,,market squid,,2207RL,61,,California,,33.3853,-120.6057,,,Southern CA,2022
squid_3,SQ40,NovaSeq6000,UCB,18,SQ000053,SQ001,7E,2207RL_61_3,5662,CCGP,Doryteuthis,opalescens,,,,,,,,,9/20/22,,LC,6/15/23,,frozen sample,SQ000053,,market squid,,2207RL,61,,California,,33.3853,-120.6057,,,Southern CA,2022
squid_3,SQ41,NovaSeq6000,UCB,18,SQ000054,SQ001,7F,2207RL_61_4,5662,CCGP,Doryteuthis,opalescens,,,,,,,,,9/20/22,,LC,6/15/23,,frozen sample,SQ000054,,market squid,,2207RL,61,,California,,33.3853,-120.6057,,,Southern CA,2022
squid_7,SQ162,NovaSeqX25B,UCB,64,SQ000166,SQ002,9F,2207_61_5,5662,CCGP,Doryteuthis,opalescens,,,,,,,,,9/20/22,,LC,6/16/23,,frozen sample,SQ000166,,market squid,,2207RL,61,,California,,33.3853,-120.6057,,,Southern CA,2022
squid_7,SQ163,NovaSeqX25B,UCB,64,SQ000167,SQ002,9G,2207_61_6,5662,CCGP,Doryteuthis,opalescens,,,,,,,,,9/20/22,,LC,6/16/23,,frozen sample,SQ000167,,market squid,,2207RL,61,,California,,33.3853,-120.6057,,,Southern CA,2022
squid_7,SQ164,NovaSeqX25B,UCB,64,SQ000168,SQ002,9H,2207_61_7,5662,CCGP,Doryteuthis,opalescens,,,,,,,,,9/20/22,,LC,6/16/23,,frozen sample,SQ000168,,market squid,,2207RL,61,,California,,33.3853,-120.6057,,,Southern CA,2022
squid_7,SQ165,NovaSeqX25B,UCB,64,SQ000169,SQ002,10A,2207_61_8,5662,CCGP,Doryteuthis,opalescens,,,,,,,,,9/20/22,,LC,6/16/23,,frozen sample,SQ000169,,market squid,,2207RL,61,,California,,33.3853,-120.6057,,,Southern CA,2022
squid_7,SQ166,NovaSeqX25B,UCB,64,SQ000170,SQ002,10B,2207_61_9,5662,CCGP,Doryteuthis,opalescens,,,,,,,,,9/20/22,,LC,6/16/23,,frozen sample,SQ000170,,market squid,,2207RL,61,,California,,33.3853,-120.6057,,,Southern CA,2022
squid_7,SQ167,NovaSeqX25B,UCB,64,SQ000171,SQ002,10C,2207_61_10,5662,CCGP,Doryteuthis,opalescens,,,,,,,,,9/20/22,,LC,6/16/23,,frozen sample,SQ000171,,market squid,,2207RL,61,,California,,33.3853,-120.6057,,,Southern CA,2022
squid_7,SQ168,NovaSeqX25B,UCB,64,SQ000172,SQ002,10D,2207_61_11,5662,CCGP,Doryteuthis,opalescens,,,,,,,,,9/20/22,,LC,6/16/23,,frozen sample,SQ000172,,market squid,,2207RL,61,,California,,33.3853,-120.6057,,,Southern CA,2022
squid_7,SQ169,NovaSeqX25B,UCB,64,SQ000173,SQ002,10E,2207_61_12,5662,CCGP,Doryteuthis,opalescens,,,,,,,,,9/20/22,,LC,6/16/23,,frozen sample,SQ000173,,market squid,,2207RL,61,,California,,33.3853,-120.6057,,,Southern CA,2022
squid_1,SQ18,NovaSeq6000,UCB,18,SQ000018,SQ001,3B,2207RL_55_1,5662,CCGP,Doryteuthis,opalescens,,,,,,,,,9/18/22,,LC,6/15/23,,frozen sample,SQ000018,,market squid,,2207RL,55,,California,,34.1182,-120.6113,,,Southern CA,2022
squid_2,SQ19,NovaSeq6000,UCB,18,SQ000019,SQ001,3C,2207RL_55_2,5662,CCGP,Doryteuthis,opalescens,,,,,,,,,9/18/22,,LC,6/15/23,,frozen sample,SQ000019,,market squid,,2207RL,55,,California,,34.1182,-120.6113,,,Southern CA,2022
squid_2,SQ20,NovaSeq6000,UCB,18,SQ000020,SQ001,3D,2207RL_55_3,5662,CCGP,Doryteuthis,opalescens,,,,,,,,,9/18/22,,LC,6/15/23,,frozen sample,SQ000020,,market squid,,2207RL,55,,California,,34.1182,-120.6113,,,Southern CA,2022
squid_2,SQ21,NovaSeq6000,UCB,18,SQ000021,SQ001,3E,2207RL_55_4,5662,CCGP,Doryteuthis,opalescens,,,,,,,,,9/18/22,,LC,6/15/23,,frozen sample,SQ000021,,market squid,,2207RL,55,,California,,34.1182,-120.6113,,,Southern CA,2022
squid_8,SQ244,NovaSeqX25B,UCB,64,SQ000239,SQ003,6G,2207RL_55_5,5662,CCGP,Doryteuthis,opalescens,,,,,,,,,9/18/22,,LC,8/9/23,,frozen sample,SQ000239,,market squid,,2207RL,55,,California,,34.1182,-120.6113,,,Southern CA,2022
squid_8,SQ245,NovaSeqX25B,UCB,64,SQ000240,SQ003,6H,2207RL_55_6,5662,CCGP,Doryteuthis,opalescens,,,,,,,,,9/18/22,,LC,8/9/23,,frozen sample,SQ000240,,market squid,,2207RL,55,,California,,34.1182,-120.6113,,,Southern CA,2022
squid_8,SQ263,NovaSeqX25B,UCB,64,SQ000241,SQ003,7A,2207RL_55_7,5662,CCGP,Doryteuthis,opalescens,,,,,,,,,9/18/22,,LC,8/9/23,,frozen sample,SQ000241,,market squid,,2207RL,55,,California,,34.1182,-120.6113,,,Southern CA,2022
squid_8,SQ266,NovaSeqX25B,UCB,64,SQ000242,SQ003,7B,2207RL_55_8,5662,CCGP,Doryteuthis,opalescens,,,,,,,,,9/18/22,,LC,8/9/23,,frozen sample,SQ000242,,market squid,,2207RL,55,,California,,34.1182,-120.6113,,,Southern CA,2022
,,,,,SQ000243,SQ003,7C,2207RL_55_9,5662,CCGP,Doryteuthis,opalescens,,,,,,,,,9/18/22,,LC,8/9/23,,frozen sample,SQ000243,,market squid,,2207RL,55,,California,,34.1182,-120.6113,,,Southern CA,2022
,,,,,SQ000244,SQ003,7D,2207RL_55_10,5662,CCGP,Doryteuthis,opalescens,,,,,,,,,9/18/22,,LC,8/9/23,,frozen sample,SQ000244,,market squid,,2207RL,55,,California,,34.1182,-120.6113,,,Southern CA,2022
,,,,,SQ000245,SQ003,7E,2207RL_55_11,5662,CCGP,Doryteuthis,opalescens,,,,,,,,,9/18/22,,LC,8/9/23,,frozen sample,SQ000245,,market squid,,2207RL,55,,California,,34.1182,-120.6113,,,Southern CA,2022
,,,,,SQ000246,SQ003,7F,2207RL_55_12,5662,CCGP,Doryteuthis,opalescens,,,,,,,,,9/18/22,,LC,8/9/23,,frozen sample,SQ000246,,market squid,,2207RL,55,,California,,34.1182,-120.6113,,,Southern CA,2022
squid_4,SQ68,NovaSeq6000,UCB,18,SQ000084,SQ001,11D,2103RL_26_1,5662,CCGP,Doryteuthis,opalescens,,,,,,,,,3/30/21,,LC,6/15/23,,frozen sample,SQ000084,,market squid,,2103RL,26,Santa Barbara Channel,California,,34.2082,-119.4707,,,Southern CA,2021
squid_4,SQ69,NovaSeq6000,UCB,18,SQ000085,SQ001,11E,2103RL_26_2,5662,CCGP,Doryteuthis,opalescens,,,,,,,,,3/30/21,,LC,6/15/23,,frozen sample,SQ000085,,market squid,,2103RL,26,Santa Barbara Channel,California,,34.2082,-119.4707,,,Southern CA,2021
squid_4,SQ70,NovaSeq6000,UCB,18,SQ000086,SQ001,11F,2103RL_26_3,5662,CCGP,Doryteuthis,opalescens,,,,,,,,,3/30/21,,LC,6/15/23,,frozen sample,SQ000086,,market squid,,2103RL,26,Santa Barbara Channel,California,,34.2082,-119.4707,,,Southern CA,2021
squid_4,SQ71,NovaSeq6000,UCB,18,SQ000087,SQ001,11G,2103RL_26_4,5662,CCGP,Doryteuthis,opalescens,,,,,,,,,3/30/21,,LC,6/15/23,,frozen sample,SQ000087,,market squid,,2103RL,26,Santa Barbara Channel,California,,34.2082,-119.4707,,,Southern CA,2021
squid_8,SQ237,NovaSeqX25B,UCB,64,SQ000231,SQ003,5G,2103RL_26_5,5662,CCGP,Doryteuthis,opalescens,,,,,,,,,3/30/21,,LC,8/9/23,,frozen sample,SQ000231,,market squid,,2103RL,26,Santa Barbara Channel,California,,34.2082,-119.4707,,,Southern CA,2021
squid_8,SQ238,NovaSeqX25B,UCB,64,SQ000232,SQ003,5H,2103RL_26_6,5662,CCGP,Doryteuthis,opalescens,,,,,,,,,3/30/21,,LC,8/9/23,,frozen sample,SQ000232,,market squid,,2103RL,26,Santa Barbara Channel,California,,34.2082,-119.4707,,,Southern CA,2021
squid_8,SQ239,NovaSeqX25B,UCB,64,SQ000233,SQ003,6A,2103RL_26_7,5662,CCGP,Doryteuthis,opalescens,,,,,,,,,3/30/21,,LC,8/9/23,,frozen sample,SQ000233,,market squid,,2103RL,26,Santa Barbara Channel,California,,34.2082,-119.4707,,,Southern CA,2021
squid_8,SQ265,NovaSeqX25B,UCB,64,SQ000234,SQ003,6B,2103RL_26_8,5662,CCGP,Doryteuthis,opalescens,,,,,,,,,3/30/21,,LC,8/9/23,,frozen sample,SQ000234,,market squid,,2103RL,26,Santa Barbara Channel,California,,34.2082,-119.4707,,,Southern CA,2021
squid_8,SQ240,NovaSeqX25B,UCB,64,SQ000235,SQ003,6C,2103RL_26_9,5662,CCGP,Doryteuthis,opalescens,,,,,,,,,3/30/21,,LC,8/9/23,,frozen sample,SQ000235,,market squid,,2103RL,26,Santa Barbara Channel,California,,34.2082,-119.4707,,,Southern CA,2021
squid_8,SQ241,NovaSeqX25B,UCB,64,SQ000236,SQ003,6D,2103RL_26_10,5662,CCGP,Doryteuthis,opalescens,,,,,,,,,3/30/21,,LC,8/9/23,,frozen sample,SQ000236,,market squid,,2103RL,26,Santa Barbara Channel,California,,34.2082,-119.4707,,,Southern CA,2021
squid_8,SQ242,NovaSeqX25B,UCB,64,SQ000237,SQ003,6E,2103RL_26_11,5662,CCGP,Doryteuthis,opalescens,,,,,,,,,3/30/21,,LC,8/9/23,,frozen sample,SQ000237,,market squid,,2103RL,26,Santa Barbara Channel,California,,34.2082,-119.4707,,,Southern CA,2021
squid_8,SQ243,NovaSeqX25B,UCB,64,SQ000238,SQ003,6F,2103RL_26_12,5662,CCGP,Doryteuthis,opalescens,,,,,,,,,3/30/21,,LC,8/9/23,,frozen sample,SQ000238,,market squid,,2103RL,26,Santa Barbara Channel,California,,34.2082,-119.4707,,,Southern CA,2021
squid_2,SQ22,NovaSeq6000,UCB,18,SQ000022,SQ001,3F,2207RL_52_1,5662,CCGP,Doryteuthis,opalescens,,,,,,,,,9/17/22,,LC,6/15/23,,frozen sample,SQ000022,,market squid,,2207RL,52,,California,,34.3388,-119.718,,,Southern CA,2022
squid_2,SQ23,NovaSeq6000,UCB,18,SQ000023,SQ001,3G,2207RL_52_2,5662,CCGP,Doryteuthis,opalescens,,,,,,,,,9/17/22,,LC,6/15/23,,frozen sample,SQ000023,,market squid,,2207RL,52,,California,,34.3388,-119.718,,,Southern CA,2022
squid_2,SQ24,NovaSeq6000,UCB,18,SQ000024,SQ001,3H,2207RL_52_3,5662,CCGP,Doryteuthis,opalescens,,,,,,,,,9/17/22,,LC,6/15/23,,frozen sample,SQ000024,,market squid,,2207RL,52,,California,,34.3388,-119.718,,,Southern CA,2022
squid_2,SQ25,NovaSeq6000,UCB,18,SQ000025,SQ001,4A,2207RL_52_4,5662,CCGP,Doryteuthis,opalescens,,,,,,,,,9/17/22,,LC,6/15/23,,frozen sample,SQ000025,,market squid,,2207RL,52,,California,,34.3388,-119.718,,,Southern CA,2022
squid_8,SQ194,NovaSeqX25B,UCB,64,SQ000210,SQ003,3B,2207RL_52_5,5662,CCGP,Doryteuthis,opalescens,,,,,,,,,9/17/22,,LC,8/9/23,,frozen sample,SQ000210,,market squid,,2207RL,52,,California,,34.3388,-119.718,,,Southern CA,2022
squid_8,SQ212,NovaSeqX25B,UCB,64,SQ000211,SQ003,3C,2207RL_52_6,5662,CCGP,Doryteuthis,opalescens,,,,,,,,,9/17/22,,LC,8/9/23,,frozen sample,SQ000211,,market squid,,2207RL,52,,California,,34.3388,-119.718,,,Southern CA,2022
squid_8,SQ213,NovaSeqX25B,UCB,64,SQ000212,SQ003,3D,2207RL_52_7,5662,CCGP,Doryteuthis,opalescens,,,,,,,,,9/17/22,,LC,8/9/23,,frozen sample,SQ000212,,market squid,,2207RL,52,,California,,34.3388,-119.718,,,Southern CA,2022
squid_8,SQ214,NovaSeqX25B,UCB,64,SQ000213,SQ003,3E,2207RL_52_8,5662,CCGP,Doryteuthis,opalescens,,,,,,,,,9/17/22,,LC,8/9/23,,frozen sample,SQ000213,,market squid,,2207RL,52,,California,,34.3388,-119.718,,,Southern CA,2022
squid_8,SQ215,NovaSeqX25B,UCB,64,SQ000214,SQ003,3F,2207RL_52_9,5662,CCGP,Doryteuthis,opalescens,,,,,,,,,9/17/22,,LC,8/9/23,,frozen sample,SQ000214,,market squid,,2207RL,52,,California,,34.3388,-119.718,,,Southern CA,2022
squid_8,SQ218,NovaSeqX25B,UCB,64,SQ000215,SQ003,3G,2207RL_52_10,5662,CCGP,Doryteuthis,opalescens,,,,,,,,,9/17/22,,LC,8/9/23,,frozen sample,SQ000215,,market squid,,2207RL,52,,California,,34.3388,-119.718,,,Southern CA,2022
squid_8,SQ219,NovaSeqX25B,UCB,64,SQ000216,SQ003,3H,2207RL_52_11,5662,CCGP,Doryteuthis,opalescens,,,,,,,,,9/17/22,,LC,8/9/23,,frozen sample,SQ000216,,market squid,,2207RL,52,,California,,34.3388,-119.718,,,Southern CA,2022
squid_8,SQ220,NovaSeqX25B,UCB,64,SQ000217,SQ003,4A,2207RL_52_12,5662,CCGP,Doryteuthis,opalescens,,,,,,,,,9/17/22,,LC,8/9/23,,frozen sample,SQ000217,,market squid,,2207RL,52,,California,,34.3388,-119.718,,,Southern CA,2022
squid_1,SQ13,NovaSeq6000,UCB,18,SQ000013,SQ001,2E,2207RL_49_1,5662,CCGP,Doryteuthis,opalescens,,,,,,,,,9/16/22,,LC,6/15/23,,frozen sample,SQ000013,,market squid,,2207RL,49,,California,,34.5043,-120.6655,,,Southern CA,2022
squid_1,SQ14,NovaSeq6000,UCB,18,SQ000014,SQ001,2F,2207RL_49_2,5662,CCGP,Doryteuthis,opalescens,,,,,,,,,9/16/22,,LC,6/15/23,,frozen sample,SQ000014,,market squid,,2207RL,49,,California,,34.5043,-120.6655,,,Southern CA,2022
squid_1,SQ15,NovaSeq6000,UCB,18,SQ000015,SQ001,2G,2207RL_49_3,5662,CCGP,Doryteuthis,opalescens,,,,,,,,,9/16/22,,LC,6/15/23,,frozen sample,SQ000015,,market squid,,2207RL,49,,California,,34.5043,-120.6655,,,Southern CA,2022
squid_1,SQ16,NovaSeq6000,UCB,18,SQ000016,SQ001,2H,2207RL_49_4,5662,CCGP,Doryteuthis,opalescens,,,,,,,,,9/16/22,,LC,6/15/23,,frozen sample,SQ000016,,market squid,,2207RL,49,,California,,34.5043,-120.6655,,,Southern CA,2022
squid_1,SQ17,NovaSeq6000,UCB,18,SQ000017,SQ001,3A,2207RL_49_5,5662,CCGP,Doryteuthis,opalescens,,,,,,,,,9/16/22,,LC,6/15/23,,frozen sample,SQ000017,,market squid,,2207RL,49,,California,,34.5043,-120.6655,,,Southern CA,2022
squid_8,SQ193,NovaSeqX25B,UCB,64,SQ000203,SQ003,2C,2207RL_49_6,5662,CCGP,Doryteuthis,opalescens,,,,,,,,,9/16/22,,LC,8/9/23,,frozen sample,SQ000203,,market squid,,2207RL,49,,California,,34.5043,-120.6655,,,Southern CA,2022
squid_8,SQ206,NovaSeqX25B,UCB,64,SQ000204,SQ003,2D,2207RL_49_7,5662,CCGP,Doryteuthis,opalescens,,,,,,,,,9/16/22,,LC,8/9/23,,frozen sample,SQ000204,,market squid,,2207RL,49,,California,,34.5043,-120.6655,,,Southern CA,2022
squid_8,SQ207,NovaSeqX25B,UCB,64,SQ000205,SQ003,2E,2207RL_49_8,5662,CCGP,Doryteuthis,opalescens,,,,,,,,,9/16/22,,LC,8/9/23,,frozen sample,SQ000205,,market squid,,2207RL,49,,California,,34.5043,-120.6655,,,Southern CA,2022
squid_8,SQ208,NovaSeqX25B,UCB,64,SQ000206,SQ003,2F,2207RL_49_9,5662,CCGP,Doryteuthis,opalescens,,,,,,,,,9/16/22,,LC,8/9/23,,frozen sample,SQ000206,,market squid,,2207RL,49,,California,,34.5043,-120.6655,,,Southern CA,2022
squid_8,SQ209,NovaSeqX25B,UCB,64,SQ000207,SQ003,2G,2207RL_49_10,5662,CCGP,Doryteuthis,opalescens,,,,,,,,,9/16/22,,LC,8/9/23,,frozen sample,SQ000207,,market squid,,2207RL,49,,California,,34.5043,-120.6655,,,Southern CA,2022
squid_8,SQ210,NovaSeqX25B,UCB,64,SQ000208,SQ003,2H,2207RL_49_11,5662,CCGP,Doryteuthis,opalescens,,,,,,,,,9/16/22,,LC,8/9/23,,frozen sample,SQ000208,,market squid,,2207RL,49,,California,,34.5043,-120.6655,,,Southern CA,2022
squid_8,SQ211,NovaSeqX25B,UCB,64,SQ000209,SQ003,3A,2207RL_49_12,5662,CCGP,Doryteuthis,opalescens,,,,,,,,,9/16/22,,LC,8/9/23,,frozen sample,SQ000209,,market squid,,2207RL,49,,California,,34.5043,-120.6655,,,Southern CA,2022
squid_7,SQ95,NovaSeqX25B,UCB,64,SQ000096,SQ001,12H,2207RL_46_1,5662,CCGP,Doryteuthis,opalescens,,,,,,,,,9/15/22,,LC,6/15/23,,frozen sample,SQ000096,,market squid,,2207RL,46,,California,,34.8897,-121.4077,,,Southern CA,2022
squid_6,SQ96,NovaSeq6000,UCB,18,SQ000097,SQ002,1A,2207_46_2,5662,CCGP,Doryteuthis,opalescens,,,,,,,,,9/15/22,,LC,6/16/23,,frozen sample,SQ000097,,market squid,,2207RL,46,,California,,34.8897,-121.4077,,,Southern CA,2022
squid_6,SQ97,NovaSeq6000,UCB,18,SQ000098,SQ002,1B,2207_46_3,5662,CCGP,Doryteuthis,opalescens,,,,,,,,,9/15/22,,LC,6/16/23,,frozen sample,SQ000098,,market squid,,2207RL,46,,California,,34.8897,-121.4077,,,Southern CA,2022
squid_6,SQ98,NovaSeq6000,UCB,18,SQ000099,SQ002,1C,2207_46_4,5662,CCGP,Doryteuthis,opalescens,,,,,,,,,9/15/22,,LC,6/16/23,,frozen sample,SQ000099,,market squid,,2207RL,46,,California,,34.8897,-121.4077,,,Southern CA,2022
squid_6,SQ103,NovaSeq6000,UCB,18,SQ000108,SQ002,2D,2207_46_5,5662,CCGP,Doryteuthis,opalescens,,,,,,,,,9/15/22,,LC,6/16/23,,frozen sample,SQ000108,,market squid,,2207RL,46,,California,,34.8897,-121.4077,,,Southern CA,2022
squid_6,SQ104,NovaSeq6000,UCB,18,SQ000109,SQ002,2E,2207_46_6,5662,CCGP,Doryteuthis,opalescens,,,,,,,,,9/15/22,,LC,6/16/23,,frozen sample,SQ000109,,market squid,,2207RL,46,,California,,34.8897,-121.4077,,,Southern CA,2022
squid_6,SQ107,NovaSeq6000,UCB,18,SQ000110,SQ002,2F,2207_46_7,5662,CCGP,Doryteuthis,opalescens,,,,,,,,,9/15/22,,LC,6/16/23,,frozen sample,SQ000110,,market squid,,2207RL,46,,California,,34.8897,-121.4077,,,Southern CA,2022
squid_6,SQ108,NovaSeq6000,UCB,18,SQ000111,SQ002,2G,2207_46_8,5662,CCGP,Doryteuthis,opalescens,,,,,,,,,9/15/22,,LC,6/16/23,,frozen sample,SQ000111,,market squid,,2207RL,46,,California,,34.8897,-121.4077,,,Southern CA,2022
squid_6,SQ109,NovaSeq6000,UCB,18,SQ000112,SQ002,2H,2207_46_9,5662,CCGP,Doryteuthis,opalescens,,,,,,,,,9/15/22,,LC,6/16/23,,frozen sample,SQ000112,,market squid,,2207RL,46,,California,,34.8897,-121.4077,,,Southern CA,2022
squid_6,SQ110,NovaSeq6000,UCB,18,SQ000113,SQ002,3A,2207_46_10,5662,CCGP,Doryteuthis,opalescens,,,,,,,,,9/15/22,,LC,6/16/23,,frozen sample,SQ000113,,market squid,,2207RL,46,,California,,34.8897,-121.4077,,,Southern CA,2022
squid_7,SQ111,NovaSeqX25B,UCB,64,SQ000114,SQ002,3B,2207_46_11,5662,CCGP,Doryteuthis,opalescens,,,,,,,,,9/15/22,,LC,6/16/23,,frozen sample,SQ000114,,market squid,,2207RL,46,,California,,34.8897,-121.4077,,,Southern CA,2022
squid_7,SQ112,NovaSeqX25B,UCB,64,SQ000115,SQ002,3C,2207_46_12,5662,CCGP,Doryteuthis,opalescens,,,,,,,,,9/15/22,,LC,6/16/23,,frozen sample,SQ000115,,market squid,,2207RL,46,,California,,34.8897,-121.4077,,,Southern CA,2022
squid_2,SQ26,NovaSeq6000,UCB,18,SQ000026,SQ001,4B,2207RL_40_1,5662,CCGP,Doryteuthis,opalescens,,,,,,,,,9/13/22,,LC,6/15/23,,frozen sample,SQ000026,,market squid,,2207RL,40,,California,,36.5622,-122.0148,Central CA,,Central CA,2022
squid_2,SQ28,NovaSeq6000,UCB,18,SQ000028,SQ001,4D,2207RL_40_3,5662,CCGP,Doryteuthis,opalescens,,,,,,,,,9/13/22,,LC,6/15/23,,frozen sample,SQ000028,,market squid,,2207RL,40,,California,,36.5622,-122.0148,Central CA,,Central CA,2022
squid_8,SQ189,NovaSeqX25B,UCB,64,SQ000194,SQ003,1B,2207RL_40_5,5662,CCGP,Doryteuthis,opalescens,,,,,,,,,9/13/22,,LC,8/9/23,,frozen sample,SQ000194,,market squid,,2207RL,40,,California,,36.5622,-122.0148,Central CA,,Central CA,2022
squid_8,SQ190,NovaSeqX25B,UCB,64,SQ000195,SQ003,1C,2207RL_40_6,5662,CCGP,Doryteuthis,opalescens,,,,,,,,,9/13/22,,LC,8/9/23,,frozen sample,SQ000195,,market squid,,2207RL,40,,California,,36.5622,-122.0148,Central CA,,Central CA,2022
squid_8,SQ197,NovaSeqX25B,UCB,64,SQ000196,SQ003,1D,2207RL_40_7,5662,CCGP,Doryteuthis,opalescens,,,,,,,,,9/13/22,,LC,8/9/23,,frozen sample,SQ000196,,market squid,,2207RL,40,,California,,36.5622,-122.0148,Central CA,,Central CA,2022
squid_8,SQ198,NovaSeqX25B,UCB,64,SQ000197,SQ003,1E,2207RL_40_8,5662,CCGP,Doryteuthis,opalescens,,,,,,,,,9/13/22,,LC,8/9/23,,frozen sample,SQ000197,,market squid,,2207RL,40,,California,,36.5622,-122.0148,Central CA,,Central CA,2022
squid_8,SQ199,NovaSeqX25B,UCB,64,SQ000198,SQ003,1F,2207RL_40_9,5662,CCGP,Doryteuthis,opalescens,,,,,,,,,9/13/22,,LC,8/9/23,,frozen sample,SQ000198,,market squid,,2207RL,40,,California,,36.5622,-122.0148,Central CA,,Central CA,2022
squid_8,SQ204,NovaSeqX25B,UCB,64,SQ000199,SQ003,1G,2207RL_40_10,5662,CCGP,Doryteuthis,opalescens,,,,,,,,,9/13/22,,LC,8/9/23,,frozen sample,SQ000199,,market squid,,2207RL,40,,California,,36.5622,-122.0148,Central CA,,Central CA,2022
squid_8,SQ205,NovaSeqX25B,UCB,64,SQ000200,SQ003,1H,2207RL_40_11,5662,CCGP,Doryteuthis,opalescens,,,,,,,,,9/13/22,,LC,8/9/23,,frozen sample,SQ000200,,market squid,,2207RL,40,,California,,36.5622,-122.0148,Central CA,,Central CA,2022
squid_8,SQ191,NovaSeqX25B,UCB,64,SQ000201,SQ003,2A,2207RL_40_12,5662,CCGP,Doryteuthis,opalescens,,,,,,,,,9/13/22,,LC,8/9/23,,frozen sample,SQ000201,,market squid,,2207RL,40,,California,,36.5622,-122.0148,Central CA,,Central CA,2022
squid_3,SQ47,NovaSeq6000,UCB,18,SQ000059,SQ001,8C,2207RL_26_1,5662,CCGP,Doryteuthis,opalescens,,,,,,,,,8/3/22,,LC,6/15/23,,frozen sample,SQ000059,,market squid,,2207RL,26,,California,,36.9343,-122.5208,,,Central CA,2022
squid_3,SQ48,NovaSeq6000,UCB,18,SQ000060,SQ001,8D,2207RL_26_2,5662,CCGP,Doryteuthis,opalescens,,,,,,,,,8/3/22,,LC,6/15/23,,frozen sample,SQ000060,,market squid,,2207RL,26,,California,,36.9343,-122.5208,,,Central CA,2022
squid_3,SQ49,NovaSeq6000,UCB,18,SQ000061,SQ001,8E,2207RL_26_3,5662,CCGP,Doryteuthis,opalescens,,,,,,,,,8/3/22,,LC,6/15/23,,frozen sample,SQ000061,,market squid,,2207RL,26,,California,,36.9343,-122.5208,,,Central CA,2022
squid_5,SQ89,NovaSeq6000,UCB,18,SQ000062,SQ001,8F,2207RL_26_4,5662,CCGP,Doryteuthis,opalescens,,,,,,,,,8/3/22,,LC,6/15/23,,frozen sample,SQ000062,,market squid,,2207RL,26,,California,,36.9343,-122.5208,,,Central CA,2022
squid_3,SQ43,NovaSeq6000,UCB,18,SQ000055,SQ001,7G,2207RL_24_1,5662,CCGP,Doryteuthis,opalescens,,,,,,,,,8/3/22,,LC,6/15/23,,frozen sample,SQ000055,,market squid,,2207RL,24,,California,,37.022,-122.6633,,,Central CA,2022
squid_3,SQ44,NovaSeq6000,UCB,18,SQ000056,SQ001,7H,2207RL_24_2,5662,CCGP,Doryteuthis,opalescens,,,,,,,,,8/3/22,,LC,6/15/23,,frozen sample,SQ000056,,market squid,,2207RL,24,,California,,37.022,-122.6633,,,Central CA,2022
squid_3,SQ45,NovaSeq6000,UCB,18,SQ000057,SQ001,8A,2207RL_24_3,5662,CCGP,Doryteuthis,opalescens,,,,,,,,,8/3/22,,LC,6/15/23,,frozen sample,SQ000057,,market squid,,2207RL,24,,California,,37.022,-122.6633,,,Central CA,2022
squid_3,SQ46,NovaSeq6000,UCB,18,SQ000058,SQ001,8B,2207RL_24_4,5662,CCGP,Doryteuthis,opalescens,,,,,,,,,8/3/22,,LC,6/15/23,,frozen sample,SQ000058,,market squid,,2207RL,24,,California,,37.022,-122.6633,,,Central CA,2022
squid_7,SQ122,NovaSeqX25B,UCB,64,SQ000126,SQ002,4F,2207_24_5,5662,CCGP,Doryteuthis,opalescens,,,,,,,,,8/3/22,,LC,6/16/23,,frozen sample,SQ000126,,market squid,,2207RL,24,,California,,37.022,-122.6633,,,Central CA,2022
squid_7,SQ123,NovaSeqX25B,UCB,64,SQ000127,SQ002,4G,2207_24_6,5662,CCGP,Doryteuthis,opalescens,,,,,,,,,8/3/22,,LC,6/16/23,,frozen sample,SQ000127,,market squid,,2207RL,24,,California,,37.022,-122.6633,,,Central CA,2022
squid_7,SQ124,NovaSeqX25B,UCB,64,SQ000128,SQ002,4H,2207_24_7,5662,CCGP,Doryteuthis,opalescens,,,,,,,,,8/3/22,,LC,6/16/23,,frozen sample,SQ000128,,market squid,,2207RL,24,,California,,37.022,-122.6633,,,Central CA,2022
squid_7,SQ125,NovaSeqX25B,UCB,64,SQ000129,SQ002,5A,2207_24_8,5662,CCGP,Doryteuthis,opalescens,,,,,,,,,8/3/22,,LC,6/16/23,,frozen sample,SQ000129,,market squid,,2207RL,24,,California,,37.022,-122.6633,,,Central CA,2022
squid_7,SQ126,NovaSeqX25B,UCB,64,SQ000130,SQ002,5B,2207_24_9,5662,CCGP,Doryteuthis,opalescens,,,,,,,,,8/3/22,,LC,6/16/23,,frozen sample,SQ000130,,market squid,,2207RL,24,,California,,37.022,-122.6633,,,Central CA,2022
squid_7,SQ127,NovaSeqX25B,UCB,64,SQ000131,SQ002,5C,2207_24_10,5662,CCGP,Doryteuthis,opalescens,,,,,,,,,8/3/22,,LC,6/16/23,,frozen sample,SQ000131,,market squid,,2207RL,24,,California,,37.022,-122.6633,,,Central CA,2022
squid_7,SQ128,NovaSeqX25B,UCB,64,SQ000132,SQ002,5D,2207_24_11,5662,CCGP,Doryteuthis,opalescens,,,,,,,,,8/3/22,,LC,6/16/23,,frozen sample,SQ000132,,market squid,,2207RL,24,,California,,37.022,-122.6633,,,Central CA,2022
squid_7,SQ129,NovaSeqX25B,UCB,64,SQ000133,SQ002,5E,2207_24_12,5662,CCGP,Doryteuthis,opalescens,,,,,,,,,8/3/22,,LC,6/16/23,,frozen sample,SQ000133,,market squid,,2207RL,24,,California,,37.022,-122.6633,,,Central CA,2022
squid_4,SQ72,NovaSeq6000,UCB,18,SQ000088,SQ001,11H,2207RL_25_1,5662,CCGP,Doryteuthis,opalescens,,,,,,,,,8/3/22,,LC,6/15/23,,frozen sample,SQ000088,,market squid,,2207RL,25,,California,,37.106,-122.5427,,,Central CA,2022
squid_5,SQ77,NovaSeq6000,UCB,18,SQ000089,SQ001,12A,2207RL_25_2,5662,CCGP,Doryteuthis,opalescens,,,,,,,,,8/3/22,,LC,6/15/23,,frozen sample,SQ000089,,market squid,,2207RL,25,,California,,37.106,-122.5427,,,Central CA,2022
squid_5,SQ78,NovaSeq6000,UCB,18,SQ000090,SQ001,12B,2207RL_25_3,5662,CCGP,Doryteuthis,opalescens,,,,,,,,,8/3/22,,LC,6/15/23,,frozen sample,SQ000090,,market squid,,2207RL,25,,California,,37.106,-122.5427,,,Central CA,2022
squid_5,SQ92,NovaSeq6000,UCB,18,SQ000091,SQ001,12C,2207RL_25_4,5662,CCGP,Doryteuthis,opalescens,,,,,,,,,8/3/22,,LC,6/15/23,,frozen sample,SQ000091,,market squid,,2207RL,25,,California,,37.106,-122.5427,,,Central CA,2022
squid_7,SQ146,NovaSeqX25B,UCB,64,SQ000150,SQ002,7F,2207_25_5,5662,CCGP,Doryteuthis,opalescens,,,,,,,,,8/3/22,,LC,6/16/23,,frozen sample,SQ000150,,market squid,,2207RL,25,,California,,37.106,-122.5427,,,Central CA,2022
squid_7,SQ147,NovaSeqX25B,UCB,64,SQ000151,SQ002,7G,2207_25_6,5662,CCGP,Doryteuthis,opalescens,,,,,,,,,8/3/22,,LC,6/16/23,,frozen sample,SQ000151,,market squid,,2207RL,25,,California,,37.106,-122.5427,,,Central CA,2022
squid_7,SQ148,NovaSeqX25B,UCB,64,SQ000152,SQ002,7H,2207_25_7,5662,CCGP,Doryteuthis,opalescens,,,,,,,,,8/3/22,,LC,6/16/23,,frozen sample,SQ000152,,market squid,,2207RL,25,,California,,37.106,-122.5427,,,Central CA,2022
squid_7,SQ149,NovaSeqX25B,UCB,64,SQ000153,SQ002,8A,2207_25_8,5662,CCGP,Doryteuthis,opalescens,,,,,,,,,8/3/22,,LC,6/16/23,,frozen sample,SQ000153,,market squid,,2207RL,25,,California,,37.106,-122.5427,,,Central CA,2022
squid_7,SQ150,NovaSeqX25B,UCB,64,SQ000154,SQ002,8B,2207_25_9,5662,CCGP,Doryteuthis,opalescens,,,,,,,,,8/3/22,,LC,6/16/23,,frozen sample,SQ000154,,market squid,,2207RL,25,,California,,37.106,-122.5427,,,Central CA,2022
squid_7,SQ151,NovaSeqX25B,UCB,64,SQ000155,SQ002,8C,2207_25_10,5662,CCGP,Doryteuthis,opalescens,,,,,,,,,8/3/22,,LC,6/16/23,,frozen sample,SQ000155,,market squid,,2207RL,25,,California,,37.106,-122.5427,,,Central CA,2022
squid_7,SQ152,NovaSeqX25B,UCB,64,SQ000156,SQ002,8D,2207_25_11,5662,CCGP,Doryteuthis,opalescens,,,,,,,,,8/3/22,,LC,6/16/23,,frozen sample,SQ000156,,market squid,,2207RL,25,,California,,37.106,-122.5427,,,Central CA,2022
squid_7,SQ153,NovaSeqX25B,UCB,64,SQ000157,SQ002,8E,2207_25_12,5662,CCGP,Doryteuthis,opalescens,,,,,,,,,8/3/22,,LC,6/16/23,,frozen sample,SQ000157,,market squid,,2207RL,25,,California,,37.106,-122.5427,,,Central CA,2022
squid_6,SQ101,NovaSeq6000,UCB,18,SQ000106,SQ002,2B,2207_23_1,5662,CCGP,Doryteuthis,opalescens,,,,,,,,,8/2/22,,LC,6/16/23,,frozen sample,SQ000106,,market squid,,2207RL,23,,California,,37.4273,-122.7072,,,Central CA,2022
squid_6,SQ102,NovaSeq6000,UCB,18,SQ000107,SQ002,2C,2207_23_2,5662,CCGP,Doryteuthis,opalescens,,,,,,,,,8/2/22,,LC,6/16/23,,frozen sample,SQ000107,,market squid,,2207RL,23,,California,,37.4273,-122.7072,,,Central CA,2022
squid_7,SQ117,NovaSeqX25B,UCB,64,SQ000120,SQ002,3H,2207_23_3,5662,CCGP,Doryteuthis,opalescens,,,,,,,,,8/2/22,,LC,6/16/23,,frozen sample,SQ000120,,market squid,,2207RL,23,,California,,37.4273,-122.7072,,,Central CA,2022
squid_7,SQ118,NovaSeqX25B,UCB,64,SQ000121,SQ002,4A,2207_23_4,5662,CCGP,Doryteuthis,opalescens,,,,,,,,,8/2/22,,LC,6/16/23,,frozen sample,SQ000121,,market squid,,2207RL,23,,California,,37.4273,-122.7072,,,Central CA,2022
squid_7,SQ119,NovaSeqX25B,UCB,64,SQ000122,SQ002,4B,2207_23_5,5662,CCGP,Doryteuthis,opalescens,,,,,,,,,8/2/22,,LC,6/16/23,,frozen sample,SQ000122,,market squid,,2207RL,23,,California,,37.4273,-122.7072,,,Central CA,2022
squid_7,SQ120,NovaSeqX25B,UCB,64,SQ000123,SQ002,4C,2207_23_6,5662,CCGP,Doryteuthis,opalescens,,,,,,,,,8/2/22,,LC,6/16/23,,frozen sample,SQ000123,,market squid,,2207RL,23,,California,,37.4273,-122.7072,,,Central CA,2022
squid_7,SQ121,NovaSeqX25B,UCB,64,SQ000124,SQ002,4D,2207_23_7,5662,CCGP,Doryteuthis,opalescens,,,,,,,,,8/2/22,,LC,6/16/23,,frozen sample,SQ000124,,market squid,,2207RL,23,,California,,37.4273,-122.7072,,,Central CA,2022
squid_2,SQ34,NovaSeq6000,UCB,18,SQ000034,SQ001,5B,2207RL_22_1,5662,CCGP,Doryteuthis,opalescens,,,,,,,,,8/2/22,,LC,6/15/23,,frozen sample,SQ000034,,market squid,,2207RL,22,,California,,37.5483,-122.8723,,,Central CA,2022
squid_2,SQ35,NovaSeq6000,UCB,18,SQ000035,SQ001,5C,2207RL_22_2,5662,CCGP,Doryteuthis,opalescens,,,,,,,,,8/2/22,,LC,6/15/23,,frozen sample,SQ000035,,market squid,,2207RL,22,,California,,37.5483,-122.8723,,,Central CA,2022
squid_2,SQ36,NovaSeq6000,UCB,18,SQ000036,SQ001,5D,2207RL_22_3,5662,CCGP,Doryteuthis,opalescens,,,,,,,,,8/2/22,,LC,6/15/23,,frozen sample,SQ000036,,market squid,,2207RL,22,,California,,37.5483,-122.8723,,,Central CA,2022
squid_2,SQ37,NovaSeq6000,UCB,18,SQ000037,SQ001,5E,2207RL_22_4,5662,CCGP,Doryteuthis,opalescens,,,,,,,,,8/2/22,,LC,6/15/23,,frozen sample,SQ000037,,market squid,,2207RL,22,,California,,37.5483,-122.8723,,,Central CA,2022
squid_7,SQ130,NovaSeqX25B,UCB,64,SQ000134,SQ002,5F,2207_22_5,5662,CCGP,Doryteuthis,opalescens,,,,,,,,,8/2/22,,LC,6/16/23,,frozen sample,SQ000134,,market squid,,2207RL,22,,California,,37.5483,-122.8723,,,Central CA,2022
squid_7,SQ131,NovaSeqX25B,UCB,64,SQ000135,SQ002,5G,2207_22_6,5662,CCGP,Doryteuthis,opalescens,,,,,,,,,8/2/22,,LC,6/16/23,,frozen sample,SQ000135,,market squid,,2207RL,22,,California,,37.5483,-122.8723,,,Central CA,2022
squid_7,SQ132,NovaSeqX25B,UCB,64,SQ000136,SQ002,5H,2207_22_7,5662,CCGP,Doryteuthis,opalescens,,,,,,,,,8/2/22,,LC,6/16/23,,frozen sample,SQ000136,,market squid,,2207RL,22,,California,,37.5483,-122.8723,,,Central CA,2022
squid_7,SQ133,NovaSeqX25B,UCB,64,SQ000137,SQ002,6A,2207_22_8,5662,CCGP,Doryteuthis,opalescens,,,,,,,,,8/2/22,,LC,6/16/23,,frozen sample,SQ000137,,market squid,,2207RL,22,,California,,37.5483,-122.8723,,,Central CA,2022
squid_7,SQ134,NovaSeqX25B,UCB,64,SQ000138,SQ002,6B,2207_22_9,5662,CCGP,Doryteuthis,opalescens,,,,,,,,,8/2/22,,LC,6/16/23,,frozen sample,SQ000138,,market squid,,2207RL,22,,California,,37.5483,-122.8723,,,Central CA,2022
squid_7,SQ135,NovaSeqX25B,UCB,64,SQ000139,SQ002,6C,2207_22_10,5662,CCGP,Doryteuthis,opalescens,,,,,,,,,8/2/22,,LC,6/16/23,,frozen sample,SQ000139,,market squid,,2207RL,22,,California,,37.5483,-122.8723,,,Central CA,2022
squid_7,SQ136,NovaSeqX25B,UCB,64,SQ000140,SQ002,6D,2207_22_11,5662,CCGP,Doryteuthis,opalescens,,,,,,,,,8/2/22,,LC,6/16/23,,frozen sample,SQ000140,,market squid,,2207RL,22,,California,,37.5483,-122.8723,,,Central CA,2022
squid_7,SQ137,NovaSeqX25B,UCB,64,SQ000141,SQ002,6E,2207_22_12,5662,CCGP,Doryteuthis,opalescens,,,,,,,,,8/2/22,,LC,6/16/23,,frozen sample,SQ000141,,market squid,,2207RL,22,,California,,37.5483,-122.8723,,,Central CA,2022
squid_5,SQ93,NovaSeq6000,UCB,18,SQ000094,SQ001,12F,2207RL_19_1,5662,CCGP,Doryteuthis,opalescens,,,,,,,,,8/1/22,,LC,6/15/23,,frozen sample,SQ000094,,market squid,,2207RL,19,,California,,37.5773,-123.1709,,,Central CA,2022
squid_7,SQ94,NovaSeqX25B,UCB,64,SQ000095,SQ001,12G,2207RL_19_2,5662,CCGP,Doryteuthis,opalescens,,,,,,,,,8/1/22,,LC,6/15/23,,frozen sample,SQ000095,,market squid,,2207RL,19,,California,,37.5773,-123.1709,,,Central CA,2022
squid_8,SQ192,NovaSeqX25B,UCB,64,SQ000202,SQ003,2B,2207RL_19_3,5662,CCGP,Doryteuthis,opalescens,,,,,,,,,8/1/22,,LC,8/9/23,,frozen sample,SQ000202,,market squid,,2207RL,19,,California,,37.5773,-123.1709,,,Central CA,2022
squid_3,SQ50,NovaSeq6000,UCB,18,SQ000063,SQ001,8G,2207RL_18_1,5662,CCGP,Doryteuthis,opalescens,,,,,,,,,8/1/22,,LC,6/15/23,,frozen sample,SQ000063,,market squid,,2207RL,18,,California,,37.9715,-123.1488,,,Central CA,2022
squid_3,SQ51,NovaSeq6000,UCB,18,SQ000064,SQ001,8H,2207RL_18_2,5662,CCGP,Doryteuthis,opalescens,,,,,,,,,8/1/22,,LC,6/15/23,,frozen sample,SQ000064,,market squid,,2207RL,18,,California,,37.9715,-123.1488,,,Central CA,2022
squid_3,SQ52,NovaSeq6000,UCB,18,SQ000065,SQ001,9A,2207RL_18_3,5662,CCGP,Doryteuthis,opalescens,,,,,,,,,8/1/22,,LC,6/15/23,,frozen sample,SQ000065,,market squid,,2207RL,18,,California,,37.9715,-123.1488,,,Central CA,2022
squid_3,SQ53,NovaSeq6000,UCB,18,SQ000066,SQ001,9B,2207RL_18_4,5662,CCGP,Doryteuthis,opalescens,,,,,,,,,8/1/22,,LC,6/15/23,,frozen sample,SQ000066,,market squid,,2207RL,18,,California,,37.9715,-123.1488,,,Central CA,2022
squid_8,SQ227,NovaSeqX25B,UCB,64,SQ000186,SQ002,12B,2207_18_5,5662,CCGP,Doryteuthis,opalescens,,,,,,,,,8/1/22,,LC,6/16/23,,frozen sample,SQ000186,,market squid,,2207RL,18,,California,,37.9715,-123.1488,,,Central CA,2022
squid_8,SQ228,NovaSeqX25B,UCB,64,SQ000187,SQ002,12C,2207_18_6,5662,CCGP,Doryteuthis,opalescens,,,,,,,,,8/1/22,,LC,6/16/23,,frozen sample,SQ000187,,market squid,,2207RL,18,,California,,37.9715,-123.1488,,,Central CA,2022
squid_8,SQ229,NovaSeqX25B,UCB,64,SQ000188,SQ002,12D,2207_18_7,5662,CCGP,Doryteuthis,opalescens,,,,,,,,,8/1/22,,LC,6/16/23,,frozen sample,SQ000188,,market squid,,2207RL,18,,California,,37.9715,-123.1488,,,Central CA,2022
squid_8,SQ200,NovaSeqX25B,UCB,64,SQ000189,SQ002,12E,2207_18_8,5662,CCGP,Doryteuthis,opalescens,,,,,,,,,8/1/22,,LC,6/16/23,,frozen sample,SQ000189,,market squid,,2207RL,18,,California,,37.9715,-123.1488,,,Central CA,2022
squid_8,SQ201,NovaSeqX25B,UCB,64,SQ000190,SQ002,12F,2207_18_9,5662,CCGP,Doryteuthis,opalescens,,,,,,,,,8/1/22,,LC,6/16/23,,frozen sample,SQ000190,,market squid,,2207RL,18,,California,,37.9715,-123.1488,,,Central CA,2022
squid_8,SQ202,NovaSeqX25B,UCB,64,SQ000191,SQ002,12G,2207_18_10,5662,CCGP,Doryteuthis,opalescens,,,,,,,,,8/1/22,,LC,6/16/23,,frozen sample,SQ000191,,market squid,,2207RL,18,,California,,37.9715,-123.1488,,,Central CA,2022
squid_8,SQ203,NovaSeqX25B,UCB,64,SQ000192,SQ002,12H,2207_18_11,5662,CCGP,Doryteuthis,opalescens,,,,,,,,,8/1/22,,LC,6/16/23,,frozen sample,SQ000192,,market squid,,2207RL,18,,California,,37.9715,-123.1488,,,Central CA,2022
squid_8,SQ188,NovaSeqX25B,UCB,64,SQ000193,SQ003,1A,2207RL_18_12,5662,CCGP,Doryteuthis,opalescens,,,,,,,,,8/1/22,,LC,8/9/23,,frozen sample,SQ000193,,market squid,,2207RL,18,,California,,37.9715,-123.1488,,,Central CA,2022
squid_5,SQ79,NovaSeq6000,UCB,18,SQ000092,SQ001,12D,2207RL_17_1,5662,CCGP,Doryteuthis,opalescens,,,,,,,,,7/31/22,,LC,6/15/23,,frozen sample,SQ000092,,market squid,,2207RL,17,,California,,38.3512,-123.2537,,,Northern CA,2022
squid_5,SQ80,NovaSeq6000,UCB,18,SQ000093,SQ001,12E,2207RL_17_2,5662,CCGP,Doryteuthis,opalescens,,,,,,,,,7/31/22,,LC,6/15/23,,frozen sample,SQ000093,,market squid,,2207RL,17,,California,,38.3512,-123.2537,,,Northern CA,2022
,,,,,SQ000183,SQ002,11G,2207_17_3,5662,CCGP,Doryteuthis,opalescens,,,,,,,,,7/31/22,,LC,6/16/23,,frozen sample,SQ000183,,market squid,,2207RL,17,,California,,38.3512,-123.2537,,,Northern CA,2022
squid_8,SQ225,NovaSeqX25B,UCB,64,SQ000184,SQ002,11H,2207_17_4,5662,CCGP,Doryteuthis,opalescens,,,,,,,,,7/31/22,,LC,6/16/23,,frozen sample,SQ000184,,market squid,,2207RL,17,,California,,38.3512,-123.2537,,,Northern CA,2022
squid_8,SQ226,NovaSeqX25B,UCB,64,SQ000185,SQ002,12A,2207_17_5,5662,CCGP,Doryteuthis,opalescens,,,,,,,,,7/31/22,,LC,6/16/23,,frozen sample,SQ000185,,market squid,,2207RL,17,,California,,38.3512,-123.2537,,,Northern CA,2022
squid_6,SQ100,NovaSeq6000,UCB,18,SQ000105,SQ002,2A,2207_6_1,5662,CCGP,Doryteuthis,opalescens,,,,,,,,,7/27/22,,LC,6/16/23,,frozen sample,SQ000105,,market squid,,2207RL,6,,California,,39.8202,-124.4963,,,Northern CA,2022
squid_6,SQ99,NovaSeq6000,UCB,18,SQ000104,SQ002,1H,2207_3_1,5662,CCGP,Doryteuthis,opalescens,,,,,,,,,7/26/22,,LC,6/16/23,,"frozen sample. 2107RL cruise? Label on bag said 2207, but metadata says 2107.",SQ000104,,market squid,,2207RL,3,,California,,40.3787,-124.6742,"2107RL cruise? Label on bag said 2207, but metadata says 2107.",,Northern CA,2022
squid_4,SQ58,NovaSeq6000,UCB,18,SQ000071,SQ001,9G,2107RL_15_1,5662,CCGP,Doryteuthis,opalescens,,,,,,,,,7/18/21,,LC,6/15/23,,frozen sample,SQ000071,,market squid,,2107RL,15,,Oregon,,45.3445,-124.1812,,,OR,2021
squid_4,SQ59,NovaSeq6000,UCB,18,SQ000072,SQ001,9H,2107RL_15_2,5662,CCGP,Doryteuthis,opalescens,,,,,,,,,7/18/21,,LC,6/15/23,,frozen sample,SQ000072,,market squid,,2107RL,15,,Oregon,,45.3445,-124.1812,,,OR,2021
squid_4,SQ60,NovaSeq6000,UCB,18,SQ000073,SQ001,10A,2107RL_15_3,5662,CCGP,Doryteuthis,opalescens,,,,,,,,,7/18/21,,LC,6/15/23,,frozen sample,SQ000073,,market squid,,2107RL,15,,Oregon,,45.3445,-124.1812,,,OR,2021
squid_5,SQ90,NovaSeq6000,UCB,18,SQ000074,SQ001,10B,2107RL_15_4,5662,CCGP,Doryteuthis,opalescens,,,,,,,,,7/18/21,,LC,6/15/23,,frozen sample,SQ000074,,market squid,,2107RL,15,,Oregon,,45.3445,-124.1812,,,OR,2021
squid_8,SQ175,NovaSeqX25B,UCB,64,SQ000177,SQ002,11A,2107_15_5,5662,CCGP,Doryteuthis,opalescens,,,,,,,,,7/18/21,,LC,6/16/23,,frozen sample,SQ000177,,market squid,,2107RL,15,,Oregon,,45.3445,-124.1812,,,OR,2021
squid_8,SQ176,NovaSeqX25B,UCB,64,SQ000178,SQ002,11B,2107_15_6,5662,CCGP,Doryteuthis,opalescens,,,,,,,,,7/18/21,,LC,6/16/23,,frozen sample,SQ000178,,market squid,,2107RL,15,,Oregon,,45.3445,-124.1812,,,OR,2021
squid_8,SQ177,NovaSeqX25B,UCB,64,SQ000179,SQ002,11C,2107_15_7,5662,CCGP,Doryteuthis,opalescens,,,,,,,,,7/18/21,,LC,6/16/23,,frozen sample,SQ000179,,market squid,,2107RL,15,,Oregon,,45.3445,-124.1812,,,OR,2021
squid_8,SQ178,NovaSeqX25B,UCB,64,SQ000180,SQ002,11D,2107_15_8,5662,CCGP,Doryteuthis,opalescens,,,,,,,,,7/18/21,,LC,6/16/23,,frozen sample,SQ000180,,market squid,,2107RL,15,,Oregon,,45.3445,-124.1812,,,OR,2021
squid_8,SQ216,NovaSeqX25B,UCB,64,SQ000181,SQ002,11E,2107_15_9,5662,CCGP,Doryteuthis,opalescens,,,,,,,,,7/18/21,,LC,6/16/23,,frozen sample,SQ000181,,market squid,,2107RL,15,,Oregon,,45.3445,-124.1812,,,OR,2021
squid_8,SQ217,NovaSeqX25B,UCB,64,SQ000182,SQ002,11F,2107_15_10,5662,CCGP,Doryteuthis,opalescens,,,,,,,,,7/18/21,,LC,6/16/23,,frozen sample,SQ000182,,market squid,,2107RL,15,,Oregon,,45.3445,-124.1812,,,OR,2021
squid_4,SQ67,NovaSeq6000,UCB,18,SQ000083,SQ001,11C,2107RL_13_1,5662,CCGP,Doryteuthis,opalescens,,,,,,,,,7/18/21,,LC,6/15/23,,frozen sample,SQ000083,,market squid,,2107RL,13,,Oregon,,45.4952,-124.1755,,,OR,2021
squid_4,SQ61,NovaSeq6000,UCB,18,SQ000075,SQ001,10C,2107RL_19_1,5662,CCGP,Doryteuthis,opalescens,,,,,,,,,7/20/21,,LC,6/15/23,,frozen sample,SQ000075,,market squid,,2107RL,19,,Oregon,,45.5132,-124.5523,,,OR,2021
squid_4,SQ62,NovaSeq6000,UCB,18,SQ000076,SQ001,10D,2107RL_19_2,5662,CCGP,Doryteuthis,opalescens,,,,,,,,,7/20/21,,LC,6/15/23,,frozen sample,SQ000076,,market squid,,2107RL,19,,Oregon,,45.5132,-124.5523,,,OR,2021
squid_4,SQ63,NovaSeq6000,UCB,18,SQ000077,SQ001,10E,2107RL_19_3,5662,CCGP,Doryteuthis,opalescens,,,,,,,,,7/20/21,,LC,6/15/23,,frozen sample,SQ000077,,market squid,,2107RL,19,,Oregon,,45.5132,-124.5523,,,OR,2021
squid_5,SQ91,NovaSeq6000,UCB,18,SQ000078,SQ001,10F,2107RL_19_4,5662,CCGP,Doryteuthis,opalescens,,,,,,,,,7/20/21,,LC,6/15/23,,frozen sample,SQ000078,,market squid,,2107RL,19,,Oregon,,45.5132,-124.5523,,,OR,2021
squid_7,SQ113,NovaSeqX25B,UCB,64,SQ000116,SQ002,3D,2107_19_5,5662,CCGP,Doryteuthis,opalescens,,,,,,,,,7/20/21,,LC,6/16/23,,frozen sample,SQ000116,,market squid,,2107RL,19,,Oregon,,45.5132,-124.5523,,,OR,2021
squid_7,SQ114,NovaSeqX25B,UCB,64,SQ000117,SQ002,3E,2107_19_6,5662,CCGP,Doryteuthis,opalescens,,,,,,,,,7/20/21,,LC,6/16/23,,frozen sample,SQ000117,,market squid,,2107RL,19,,Oregon,,45.5132,-124.5523,,,OR,2021
squid_7,SQ115,NovaSeqX25B,UCB,64,SQ000118,SQ002,3F,2107_19_7,5662,CCGP,Doryteuthis,opalescens,,,,,,,,,7/20/21,,LC,6/16/23,,frozen sample,SQ000118,,market squid,,2107RL,19,,Oregon,,45.5132,-124.5523,,,OR,2021
squid_7,SQ116,NovaSeqX25B,UCB,64,SQ000119,SQ002,3G,2107_19_8,5662,CCGP,Doryteuthis,opalescens,,,,,,,,,7/20/21,,LC,6/16/23,,frozen sample,SQ000119,,market squid,,2107RL,19,,Oregon,,45.5132,-124.5523,,,OR,2021
squid_1,SQ1,NovaSeq6000,UCB,18,SQ000001,SQ001,1A,MS_MT_01.04,5662,CCGP,Doryteuthis,opalescens,,,,,,,,,7/2/14,,LC,6/15/23,,frozen sample,SQ000001,,market squid,Monterey 525,,,,California,,,,,,Central CA,2014
squid_5,SQ81,NovaSeq6000,UCB,18,SQ000002,SQ001,1B,MS_MT_01.06,5662,CCGP,Doryteuthis,opalescens,,,,,,,,,7/2/14,,LC,6/15/23,,frozen sample,SQ000002,,market squid,Monterey 525,,,,California,,,,,,Central CA,2014
squid_5,SQ82,NovaSeq6000,UCB,18,SQ000003,SQ001,1C,MS_MT_01.15,5662,CCGP,Doryteuthis,opalescens,,,,,,,,,7/2/14,,LC,6/15/23,,frozen sample,SQ000003,,market squid,Monterey 525,,,,California,,,,,,Central CA,2014
squid_1,SQ2,NovaSeq6000,UCB,18,SQ000004,SQ001,1D,MS_MT_01.26,5662,CCGP,Doryteuthis,opalescens,,,,,,,,,7/2/14,,LC,6/15/23,,frozen sample,SQ000004,,market squid,Monterey 525,,,,California,,,,,,Central CA,2014
squid_2,SQ32,NovaSeq6000,UCB,18,SQ000043,SQ001,6C,SIT170315_001,5662,CCGP,Doryteuthis,opalescens,,,,,,,,,3/15/17,,LC,6/15/23,,frozen sample,SQ000043,,market squid,Sitka,,,,Alaska,,,,,,AK,2017
squid_2,SQ33,NovaSeq6000,UCB,18,SQ000044,SQ001,6D,SIT170315_002,5662,CCGP,Doryteuthis,opalescens,,,,,,,,,3/15/17,,LC,6/15/23,,frozen sample,SQ000044,,market squid,Sitka,,,,Alaska,,,,,,AK,2017
squid_3,SQ42,NovaSeq6000,UCB,18,SQ000045,SQ001,6E,SIT170315_003,5662,CCGP,Doryteuthis,opalescens,,,,,,,,,3/15/17,,LC,6/15/23,,frozen sample,SQ000045,,market squid,Sitka,,,,Alaska,,,,,,AK,2017
squid_5,SQ87,NovaSeq6000,UCB,18,SQ000046,SQ001,6F,SIT170315_004,5662,CCGP,Doryteuthis,opalescens,,,,,,,,,3/15/17,,LC,6/15/23,,frozen sample,SQ000046,,market squid,Sitka,,,,Alaska,,,,,,AK,2017
squid_4,SQ75,NovaSeq6000,UCB,18,SQ000048,SQ001,6H,SIT170507_002,5662,CCGP,Doryteuthis,opalescens,,,,,,,,,5/7/17,,LC,6/15/23,,frozen sample,SQ000048,,market squid,Sitka,,,,Alaska,,,,,,AK,2017
squid_5,SQ76,NovaSeq6000,UCB,18,SQ000049,SQ001,7A,SIT170507_003,5662,CCGP,Doryteuthis,opalescens,,,,,,,,,5/7/17,,LC,6/15/23,,frozen sample,SQ000049,,market squid,Sitka,,,,Alaska,,,,,,AK,2017
squid_5,SQ88,NovaSeq6000,UCB,18,SQ000050,SQ001,7B,SIT170507_004,5662,CCGP,Doryteuthis,opalescens,,,,,,,,,5/7/17,,LC,6/15/23,,frozen sample,SQ000050,,market squid,Sitka,,,,Alaska,,,,,,AK,2017
squid_6,SQ106,NovaSeq6000,UCB,18,SQ000100,SQ002,1D,LPW.AK-3,5662,CCGP,Doryteuthis,opalescens,,,,,,,,,1/1/19,YES,LC,6/16/23,,frozen sample,SQ000100,,market squid,,,,,Alaska,,,,,,AK,2019
squid_7,SQ195,NovaSeqX25B,UCB,64,SQ000101,SQ002,1E,LPW.AK-4,5662,CCGP,Doryteuthis,opalescens,,,,,,,,,1/1/19,YES,LC,6/16/23,,frozen sample,SQ000101,,market squid,,,,,Alaska,,,,,,AK,2019
squid_6,SQ171,NovaSeq6000,UCB,18,SQ000102,SQ002,1F,LPW.AK-5,5662,CCGP,Doryteuthis,opalescens,,,,,,,,,1/1/19,YES,LC,6/16/23,,frozen sample,SQ000102,,market squid,,,,,Alaska,,,,,,AK,2019
squid_7,SQ196,NovaSeqX25B,UCB,64,SQ000103,SQ002,1G,LPW.AK-6,5662,CCGP,Doryteuthis,opalescens,,,,,,,,,1/1/19,YES,LC,6/16/23,,frozen sample,SQ000103,,market squid,,,,,Alaska,,,,,,AK,2019
squid_6,SQ172,NovaSeq6000,UCB,18,SQ000125,SQ002,4E,LPW.AK-7,5662,CCGP,Doryteuthis,opalescens,,,,,,,,,1/1/19,,LC,6/16/23,,frozen sample,SQ000125,,market squid,,,,,Alaska,,,,,,AK,2019
squid_6,SQ173,NovaSeq6000,UCB,18,SQ000175,SQ002,10G,SIT_170507_006,5662,CCGP,Doryteuthis,opalescens,,,,,,,,,5/7/17,,LC,6/16/23,,frozen sample,SQ000175,,market squid,Sitka,,,,Alaska,,,,,,AK,2017
squid_7,SQ262,NovaSeqX25B,UCB,64,SQ000176,SQ002,10H,SIT_170507_007,5662,CCGP,Doryteuthis,opalescens,,,,,,,,,5/7/17,,LC,6/16/23,,frozen sample,SQ000176,,market squid,Sitka,,,,Alaska,,,,,,AK,2017
squid_8,SQ221,NovaSeqX25B,UCB,64,SQ000218,SQ003,4B,GOA_170709_006,5662,CCGP,Doryteuthis,opalescens,,,,,,,,,7/9/17,,LC,8/9/23,,frozen sample,SQ000218,,market squid,,,,,Alaska,,,,,,AK,2017
squid_8,SQ222,NovaSeqX25B,UCB,64,SQ000219,SQ003,4C,GOA_170709_012,5662,CCGP,Doryteuthis,opalescens,,,,,,,,,7/9/17,,LC,8/9/23,,frozen sample,SQ000219,,market squid,,,,,Alaska,,,,,,AK,2017
squid_8,SQ223,NovaSeqX25B,UCB,64,SQ000220,SQ003,4D,GOA_170709_013,5662,CCGP,Doryteuthis,opalescens,,,,,,,,,7/9/17,,LC,8/9/23,,frozen sample,SQ000220,,market squid,,,,,Alaska,,,,,,AK,2017
squid_8,SQ256,NovaSeqX25B,UCB,64,SQ000221,SQ003,4E,GOA_170709_017,5662,CCGP,Doryteuthis,opalescens,,,,,,,,,7/9/17,,LC,8/9/23,,frozen sample,SQ000221,,market squid,,,,,Alaska,,,,,,AK,2017
squid_8,SQ257,NovaSeqX25B,UCB,64,SQ000222,SQ003,4F,GOA_170709_021,5662,CCGP,Doryteuthis,opalescens,,,,,,,,,7/9/17,,LC,8/9/23,,frozen sample,SQ000222,,market squid,,,,,Alaska,,,,,,AK,2017
squid_8,SQ258,NovaSeqX25B,UCB,64,SQ000223,SQ003,4G,GOA_170709_022,5662,CCGP,Doryteuthis,opalescens,,,,,,,,,7/9/17,,LC,8/9/23,,frozen sample,SQ000223,,market squid,,,,,Alaska,,,,,,AK,2017